url,url_total_clicks,url_total_impressions,url_ctr_percent,url_avg_position,num_queries_conocidas,top_query,top_query_clicks,top_query_impressions,top_query_ctr_percent,top_query_position,pct_clicks_from_top_query_all,pct_imps_from_top_query_all
https://www.pccomponentes.com/mejores-televisores-relacion-calidad-precio,3589,56600,6.34,6.2,2524,mejor tv calidad precio,109.0,832.0,13.1,1.4,3.0,1.5
https://www.pccomponentes.com/medidas-televisores-pulgadas-y-centimetros,3333,258558,1.29,5.3,12008,medidas tv,28.0,796.0,3.52,1.9,0.8,0.3
https://www.pccomponentes.com/televisores,934,177614,0.53,7.1,3838,televisión,91.0,91178.0,0.1,6.8,9.7,51.3
https://www.pccomponentes.com/televisores/32-pulgadas,747,59511,1.26,5.5,1028,tv 32 pulgadas,132.0,6861.0,1.92,3.6,17.7,11.5
https://www.pccomponentes.com/televisores/40-pulgadas,747,36173,2.07,4.3,607,tv 40 pulgadas,116.0,3530.0,3.29,2.8,15.5,9.8
https://www.pccomponentes.com/televisores/55-pulgadas,693,83895,0.83,5.8,774,tv 55 pulgadas,164.0,7825.0,2.1,2.6,23.7,9.3
https://www.pccomponentes.com/televisores/65-pulgadas,548,74941,0.73,5.7,740,tv 65 pulgadas,173.0,8746.0,1.98,2.9,31.6,11.7
https://www.pccomponentes.com/mejores-televisores-jugar-ps5,526,6391,8.23,3.0,204,tv para ps5,33.0,183.0,18.03,0.5,6.3,2.9
https://www.pccomponentes.com/televisores/50-pulgadas,502,34599,1.45,4.4,669,tv 50 pulgadas,149.0,5470.0,2.72,2.3,29.7,15.8
https://www.pccomponentes.com/mejores-televisores-120-hz,468,10800,4.33,4.6,633,tv 120hz,18.0,266.0,6.77,2.7,3.8,2.5
https://www.pccomponentes.com/televisores/75-pulgadas,465,24710,1.88,4.1,452,tv 75 pulgadas,134.0,5918.0,2.26,2.3,28.8,23.9
https://www.pccomponentes.com/televisores/nilait,441,5620,7.85,2.1,40,nilait,63.0,1271.0,4.96,2.7,14.3,22.6
https://www.pccomponentes.com/mejores-televisores-32-pulgadas,399,7343,5.43,10.6,302,mejor tv 32 pulgadas 2025,20.0,158.0,12.66,0.8,5.0,2.2
https://www.pccomponentes.com/televisores/smart-tv,333,72892,0.46,6.7,894,smart tv,184.0,12687.0,1.45,4.3,55.3,17.4
https://www.pccomponentes.com/mejores-televisores-75-pulgadas,330,7213,4.58,13.3,279,mejor tv 75 pulgadas calidad precio,25.0,174.0,14.37,1.0,7.6,2.4
https://www.pccomponentes.com/mejores-marcas-televisores,323,10022,3.22,4.5,1195,mejores marcas de tv,14.0,260.0,5.38,1.8,4.3,2.6
https://www.pccomponentes.com/televisores/40-pulgadas/nilait,303,5300,5.72,2.0,42,tv nilait 40 pulgadas,54.0,423.0,12.77,1.0,17.8,8.0
https://www.pccomponentes.com/televisores/24-pulgadas,303,17756,1.71,6.1,424,tv 24 pulgadas,58.0,1585.0,3.66,3.4,19.1,8.9
https://www.pccomponentes.com/mejores-televisores-4k-43-pulgadas,299,7149,4.18,11.5,387,mejor tv 43 pulgadas 2025,10.0,93.0,10.75,2.6,3.3,1.3
https://www.pccomponentes.com/diferencia-televisores-qled-y-qned,292,8922,3.27,2.8,654,qned vs qled,29.0,472.0,6.14,0.8,9.9,5.3
https://www.pccomponentes.com/comparador/televisores,291,4201,6.93,5.7,239,comparador tv,46.0,381.0,12.07,2.4,15.8,9.1
https://www.pccomponentes.com/televisores-mas-finos,269,3078,8.74,4.7,123,tv extraplana pared,9.0,45.0,20.0,1.2,3.3,1.5
https://www.pccomponentes.com/mejores-televisores-24-pulgadas,260,17083,1.52,10.3,424,smart tv 24 pulgadas,19.0,1761.0,1.08,10.3,7.3,10.3
https://www.pccomponentes.com/mejores-televisores-portatiles-para-viajar,244,9526,2.56,6.3,229,tv portatil,30.0,1518.0,1.98,5.1,12.3,15.9
https://www.pccomponentes.com/televisores-micro-led-caracteristicas,208,3027,6.87,2.8,64,tv microled,60.0,269.0,22.3,0.3,28.8,8.9
https://www.pccomponentes.com/lg-vs-samsung-televisores,192,9176,2.09,2.5,1569,que tv tiene mejor sonido samsung o lg,5.0,39.0,12.82,1.6,2.6,0.4
https://www.pccomponentes.com/televisores-qled-vs-nano-cell,184,3400,5.41,3.2,228,nanocell vs qled,12.0,247.0,4.86,0.7,6.5,7.3
https://www.pccomponentes.com/televisores/43-pulgadas/smart-tv,176,12393,1.42,4.8,393,tv 43 pulgadas,59.0,2098.0,2.81,3.1,33.5,16.9
https://www.pccomponentes.com/televisores/43-pulgadas,169,8532,1.98,5.6,404,tv 43 pulgadas,28.0,1044.0,2.68,3.6,16.6,12.2
https://www.pccomponentes.com/mejores-televisores-android-tv,158,4949,3.19,4.7,289,televisiones con android tv,4.0,24.0,16.67,2.0,2.5,0.5
https://www.pccomponentes.com/televisores/reacondicionado,147,1994,7.37,3.5,52,tv reacondicionado,33.0,460.0,7.17,3.2,22.4,23.1
https://www.pccomponentes.com/televisores/42-pulgadas,146,8096,1.8,6.1,289,tv 42 pulgadas,43.0,1297.0,3.32,3.7,29.5,16.0
https://www.pccomponentes.com/televisores/oled,146,9359,1.56,5.1,405,tv oled,34.0,1521.0,2.24,3.2,23.3,16.3
https://www.pccomponentes.com/televisores/65-pulgadas/oled,140,4371,3.2,2.2,147,oled 65 pulgadas,18.0,365.0,4.93,0.7,12.9,8.4
https://www.pccomponentes.com/mejores-marcas-televisores-made-in-spain,137,8808,1.56,2.3,552,marcas de tv españolas,4.0,28.0,14.29,0.0,2.9,0.3
https://www.pccomponentes.com/televisores/55-pulgadas/oled,124,3147,3.94,2.6,111,tv oled 55,19.0,621.0,3.06,3.0,15.3,19.7
https://www.pccomponentes.com/televisores-oled-vs-qned,120,5247,2.29,1.9,405,qned vs oled,20.0,428.0,4.67,0.8,16.7,8.2
https://www.pccomponentes.com/los-mejores-televisores-oled,119,2515,4.73,15.4,96,mejor tv oled,10.0,110.0,9.09,2.8,8.4,4.4
https://www.pccomponentes.com/cuanto-dura-garantia-televisores-lg,116,9090,1.28,2.4,1437,lg atención al cliente teléfono gratuito,2.0,10.0,20.0,1.9,1.7,0.1
https://www.pccomponentes.com/televisores/27-pulgadas,114,4203,2.71,4.7,92,tv 27 pulgadas,16.0,686.0,2.33,4.9,14.0,16.3
https://www.pccomponentes.com/mejores-televisores-grandes-colgarlos-pared,113,3752,3.01,4.1,153,televisores para colgar en la pared,6.0,51.0,11.76,0.4,5.3,1.4
https://www.pccomponentes.com/los-mejores-televisores-oled-50-pulgadas,111,3045,3.65,15.0,154,tv oled 50 pulgadas,22.0,249.0,8.84,7.1,19.8,8.2
https://www.pccomponentes.com/televisores/85-pulgadas,110,8208,1.34,7.5,228,tv 85 pulgadas,21.0,2100.0,1.0,7.0,19.1,25.6
https://www.pccomponentes.com/mejores-televisores-oled-55-pulgadas,105,1645,6.38,13.5,98,mejor tv 55 pulgadas gama alta,12.0,71.0,16.9,0.9,11.4,4.3
https://www.pccomponentes.com/los-mejores-televisores-qled-40-pulgadas,100,2017,4.96,10.6,99,mejor tv 40 pulgadas,4.0,41.0,9.76,4.1,4.0,2.0
https://www.pccomponentes.com/televisores/70-pulgadas,89,6195,1.44,4.7,308,tv 70 pulgadas,24.0,1207.0,1.99,3.4,27.0,19.5
https://www.pccomponentes.com/televisores/ambilight,87,4139,2.1,5.2,225,tv con luces led,6.0,19.0,31.58,0.5,6.9,0.5
https://www.pccomponentes.com/televisores/65-pulgadas/samsung,86,13645,0.63,7.5,504,tv samsung 65 pulgadas,12.0,2511.0,0.48,7.0,14.0,18.4
https://www.pccomponentes.com/los-televisores-mas-grandes,83,11734,0.71,8.2,464,pantallas de tv mas grandes,3.0,10.0,30.0,0.5,3.6,0.1
https://www.pccomponentes.com/televisores/65-pulgadas/qled,81,5512,1.47,6.4,303,tv 65 pulgadas qled,6.0,209.0,2.87,2.3,7.4,3.8
https://www.pccomponentes.com/mejores-televisores-tcl-del-mercado,80,4235,1.89,7.5,212,mejor tv tcl 55 pulgadas,3.0,32.0,9.38,2.7,3.8,0.8
https://www.pccomponentes.com/mejores-televisores-40-pulgadas-baratos,79,4664,1.69,12.6,191,mejor smart tv 40 pulgadas,4.0,17.0,23.53,1.4,5.1,0.4
https://www.pccomponentes.com/televisores/55-pulgadas/qled,78,5313,1.47,5.9,219,tv 55 pulgadas qled ofertas,6.0,135.0,4.44,2.9,7.7,2.5
https://www.pccomponentes.com/televisores/50-pulgadas/qled,78,4025,1.94,5.6,299,televisor 50 pulgadas qled,9.0,77.0,11.69,0.6,11.5,1.9
https://www.pccomponentes.com/conector-samsung-card-slot-common-interface-5v-para-modulos-c-y-televisores-lcd-led,78,2289,3.41,3.3,132,common interface 5v only,6.0,224.0,2.68,2.7,7.7,9.8
https://www.pccomponentes.com/televisores/65-pulgadas/mini-led,76,1601,4.75,3.1,78,tv mini led 65,9.0,218.0,4.13,3.8,11.8,13.6
https://www.pccomponentes.com/televisores/100-pulgadas,71,5055,1.4,7.0,140,tv 100 pulgadas,23.0,1501.0,1.53,7.3,32.4,29.7
https://www.pccomponentes.com/mejores-televisores-menos-1000-euros,71,865,8.21,4.7,25,mejor tv 65 pulgadas menos 1000 euros,3.0,6.0,50.0,0.0,4.2,0.7
https://www.pccomponentes.com/televisores/55-pulgadas/mini-led,65,1232,5.28,2.3,62,televisor mini led 55 pulgadas,7.0,38.0,18.42,0.3,10.8,3.1
https://www.pccomponentes.com/mejores-televisores-4k-samsung,64,3865,1.66,15.6,254,cual es la mejor tele de samsung,2.0,7.0,28.57,0.3,3.1,0.2
https://www.pccomponentes.com/televisores/75-pulgadas/mini-led,62,1449,4.28,5.0,88,tv 75 pulgadas mini led,9.0,101.0,8.91,0.6,14.5,7.0
https://www.pccomponentes.com/miniled-televisores-monitores,62,2529,2.45,3.6,161,mini led,17.0,321.0,5.3,1.0,27.4,12.7
https://www.pccomponentes.com/lg-ai-magic-remote-mr25ga-mando-a-distancia-para-televisores-lg,62,1938,3.2,6.2,114,lg mr25ga,6.0,32.0,18.75,2.6,9.7,1.7
https://www.pccomponentes.com/qd-oled-vs-oled-televisores,61,2387,2.56,2.6,189,qd oled vs oled,7.0,93.0,7.53,2.1,11.5,3.9
https://www.pccomponentes.com/televisores/3840-x-2160-4k-uhd,61,5481,1.11,6.2,328,tv 4k,9.0,743.0,1.21,4.7,14.8,13.6
https://www.pccomponentes.com/televisores/43-pulgadas/qled,60,3152,1.9,6.9,267,tv 43 pulgadas qled,6.0,79.0,7.59,1.8,10.0,2.5
https://www.pccomponentes.com/televisores/1920-x-1080-full-hd/32-pulgadas,59,1472,4.01,3.3,123,smart tv 32 pulgadas full hd,5.0,46.0,10.87,1.8,8.5,3.1
https://www.pccomponentes.com/televisores/48-pulgadas/oled,57,1978,2.88,6.1,69,tv 48 pulgadas,8.0,498.0,1.61,5.0,14.0,25.2
https://www.pccomponentes.com/mejores-televisores-para-ver-netflix-hbo,56,1705,3.28,5.9,54,tv con netflix,2.0,17.0,11.76,7.4,3.6,1.0
https://www.pccomponentes.com/cuanto-dura-garantia-televisores-samsung,55,5332,1.03,3.2,246,garantia samsung tv,4.0,44.0,9.09,3.7,7.3,0.8
https://www.pccomponentes.com/televisores/32-pulgadas/lg,55,8365,0.66,8.4,397,tv lg 32 pulgadas,4.0,704.0,0.57,8.1,7.3,8.4
https://www.pccomponentes.com/televisores/55-pulgadas/lg,54,9114,0.59,8.5,336,tv lg 55 pulgadas,12.0,1578.0,0.76,8.9,22.2,17.3
https://www.pccomponentes.com/televisores/tesla,54,1880,2.87,3.8,80,tv tesla,10.0,291.0,3.44,2.3,18.5,15.5
https://www.pccomponentes.com/televisores/32-pulgadas/samsung,54,10652,0.51,9.7,502,televisores samsung 32 pulgadas,4.0,132.0,3.03,9.2,7.4,1.2
https://www.pccomponentes.com/comparador/televisores/televisor-lg-55-oled-vs-tv-samsung-55-oled,53,652,8.13,4.9,46,samsung oled 55 vs lg oled 55,2.0,2.0,100.0,0.0,3.8,0.3
https://www.pccomponentes.com/mejores-televisores-oled-65-pulgadas,51,1804,2.83,23.6,104,mejor tv oled 2025,2.0,6.0,33.33,5.8,3.9,0.3
https://www.pccomponentes.com/televisores/lg/oled,51,5250,0.97,6.9,440,lg oled,8.0,946.0,0.85,6.2,15.7,18.0
https://www.pccomponentes.com/televisores/55-pulgadas/samsung,50,15391,0.32,7.9,458,tv samsung 55,12.0,2501.0,0.48,7.3,24.0,16.2
https://www.pccomponentes.com/televisores/ambilight/philips,49,5194,0.94,4.9,277,philips ambilight,15.0,1429.0,1.05,3.1,30.6,27.5
https://www.pccomponentes.com/mejores-televisores-tesla,46,1760,2.61,5.1,67,tv tesla opiniones,3.0,57.0,5.26,3.7,6.5,3.2
https://www.pccomponentes.com/televisores/43-pulgadas/lg,46,6500,0.71,6.9,341,lg 43 pulgadas,9.0,593.0,1.52,6.1,19.6,9.1
https://www.pccomponentes.com/govee-tv-backlight-3-lite-tira-led-rgbic-w-wifi-bluetooth-con-camara-para-televisores-de-55-65,46,2134,2.16,7.8,161,govee tv backlight 3 lite,8.0,632.0,1.27,8.1,17.4,29.6
https://www.pccomponentes.com/televisores/tcl-corporation,45,5187,0.87,7.1,319,tcl,16.0,2045.0,0.78,5.5,35.6,39.4
https://www.pccomponentes.com/televisores/75-pulgadas/samsung,45,7484,0.6,6.7,281,tv samsung 75 pulgadas,7.0,1363.0,0.51,6.3,15.6,18.2
https://www.pccomponentes.com/mejores-televisores-para-exteriores,44,1035,4.25,5.6,54,television exterior,2.0,10.0,20.0,2.8,4.5,1.0
https://www.pccomponentes.com/televisores/24-pulgadas/lg,44,2023,2.17,6.0,90,lg 24 pulgadas,7.0,118.0,5.93,2.4,15.9,5.8
https://www.pccomponentes.com/televisores/40-pulgadas/qled,43,1100,3.91,3.2,73,qled 40 pulgadas,3.0,36.0,8.33,2.6,7.0,3.3
https://www.pccomponentes.com/televisores/43-pulgadas/samsung,43,8082,0.53,7.5,353,tv samsung 43,5.0,578.0,0.87,8.3,11.6,7.2
https://www.pccomponentes.com/televisores/65-pulgadas/lg,43,7602,0.57,8.5,362,lg 65 pulgadas,5.0,880.0,0.57,10.4,11.6,11.6
https://www.pccomponentes.com/televisores/55-pulgadas/xiaomi,42,4926,0.85,7.8,175,tv xiaomi 55,6.0,1176.0,0.51,7.8,14.3,23.9
https://www.pccomponentes.com/televisores/32-pulgadas/tcl-corporation,42,3602,1.17,6.3,196,tcl 32 pulgadas,12.0,682.0,1.76,5.9,28.6,18.9
https://www.pccomponentes.com/televisores/55-pulgadas/tcl-corporation,41,7595,0.54,7.8,246,tcl 55 pulgadas,8.0,2725.0,0.29,8.0,19.5,35.9
https://www.pccomponentes.com/los-mejores-televisores-qled-de-2023,40,890,4.49,11.5,47,mejor tv qled,2.0,11.0,18.18,0.7,5.0,1.2
https://www.pccomponentes.com/televisores/mini-led/smart-tv,40,1405,2.85,5.7,155,television miniled,2.0,15.0,13.33,1.9,5.0,1.1
https://www.pccomponentes.com/mejores-televisores-compatibles-imax-enhanced,39,626,6.23,2.2,44,imax enhanced tv,6.0,29.0,20.69,0.1,15.4,4.6
https://www.pccomponentes.com/televisores/32-pulgadas/blanco,39,991,3.94,3.4,28,tv 32 pulgadas blanca,3.0,45.0,6.67,3.3,7.7,4.5
https://www.pccomponentes.com/televisores/55-pulgadas/ambilight,38,2098,1.81,3.8,96,philips ambilight 55,16.0,557.0,2.87,2.8,42.1,26.5
https://www.pccomponentes.com/televisores/samsung,38,7395,0.51,7.3,486,tv samsung,4.0,843.0,0.47,11.1,10.5,11.4
https://www.pccomponentes.com/televisores/50-pulgadas/mini-led,38,524,7.25,2.2,29,mini led 50 pulgadas,6.0,42.0,14.29,1.0,15.8,8.0
https://www.pccomponentes.com/televisores-4k-vs-8k,37,1892,1.96,12.0,134,tv 4k o 8k,3.0,4.0,75.0,0.0,8.1,0.2
https://www.pccomponentes.com/televisores/32-pulgadas/qled,37,1642,2.25,5.0,108,tv 32 pulgadas qled,3.0,67.0,4.48,1.4,8.1,4.1
https://www.pccomponentes.com/televisores/lg,37,12701,0.29,9.3,419,lg,10.0,8262.0,0.12,8.5,27.0,65.0
https://www.pccomponentes.com/mejores-televisores-qled-65-pulgadas,37,1778,2.08,18.1,125,mejor tv qled 65 pulgadas,5.0,35.0,14.29,0.1,13.5,2.0
https://www.pccomponentes.com/televisores/24-pulgadas/smart-tv,35,832,4.21,5.7,80,smart tv 24,4.0,34.0,11.76,4.4,11.4,4.1
https://www.pccomponentes.com/televisores/65-pulgadas/philips,35,2575,1.36,5.5,145,philips 65 pulgadas,4.0,122.0,3.28,2.2,11.4,4.7
https://www.pccomponentes.com/televisores/75-pulgadas/lg,34,4886,0.7,8.8,343,tv lg 75 pulgadas,3.0,478.0,0.63,8.7,8.8,9.8
https://www.pccomponentes.com/televisores/blanco,34,2087,1.63,5.7,64,tv blanca,3.0,189.0,1.59,4.0,8.8,9.1
https://www.pccomponentes.com/mejores-televisores-qled-50-pulgadas,34,1774,1.92,19.8,107,mejor tv qled 50 pulgadas,2.0,11.0,18.18,0.0,5.9,0.6
https://www.pccomponentes.com/televisores/oled/samsung,33,3873,0.85,8.5,324,samsung oled,5.0,483.0,1.04,8.6,15.2,12.5
https://www.pccomponentes.com/televisores/43-pulgadas/xiaomi,33,3085,1.07,8.6,87,tv xiaomi 43,5.0,490.0,1.02,9.5,15.2,15.9
https://www.pccomponentes.com/televisores/75-pulgadas/qled,32,3227,0.99,6.0,174,tv 75 qled,3.0,109.0,2.75,3.4,9.4,3.4
https://www.pccomponentes.com/televisores/50-pulgadas/samsung,32,8209,0.39,6.8,444,samsung 50 pulgadas,6.0,689.0,0.87,6.4,18.8,8.4
https://www.pccomponentes.com/televisores/43-pulgadas/tcl-corporation,30,2194,1.37,5.9,167,tcl 43 pulgadas,9.0,564.0,1.6,5.3,30.0,25.7
https://www.pccomponentes.com/televisores/3840-x-2160-4k-uhd/43-pulgadas,30,1505,1.99,3.5,85,televisor 4k 43 pulgadas,3.0,52.0,5.77,2.7,10.0,3.5
https://www.pccomponentes.com/televisores/75-pulgadas/tcl-corporation,29,2836,1.02,8.8,126,tcl televisor 75 pulgadas,4.0,30.0,13.33,9.9,13.8,1.1
https://www.pccomponentes.com/televisores/43-pulgadas/reacondicionado,28,223,12.56,0.7,6,tv 43 pulgadas reacondicionado,2.0,21.0,9.52,0.4,7.1,9.4
https://www.pccomponentes.com/televisores/24-pulgadas/samsung,28,1778,1.57,7.8,81,tv samsung 24 pulgadas,4.0,220.0,1.82,4.4,14.3,12.4
https://www.pccomponentes.com/televisores/55-pulgadas/nanocell,28,1698,1.65,5.4,78,lg nanocell 55,11.0,711.0,1.55,6.2,39.3,41.9
https://www.pccomponentes.com/televisores/50-pulgadas/lg,27,5387,0.5,8.2,337,tv lg 50 pulgadas,4.0,437.0,0.92,9.4,14.8,8.1
https://www.pccomponentes.com/televisores/xiaomi,27,6937,0.39,9.2,246,xiaomi tv,6.0,1983.0,0.3,9.3,22.2,28.6
https://www.pccomponentes.com/televisores/smart-tech,26,1345,1.93,4.5,87,smart tech tv,10.0,279.0,3.58,2.9,38.5,20.7
https://www.pccomponentes.com/televisores/hisense,26,5074,0.51,8.4,282,hisense,3.0,1463.0,0.21,6.9,11.5,28.8
https://www.pccomponentes.com/televisores/en-oferta,25,1675,1.49,7.9,157,ofertas en teles,1.0,2.0,50.0,9.0,4.0,0.1
https://www.pccomponentes.com/los-mejores-televisores-4k-calidad-precio,25,2613,0.96,16.1,204,teles 4k,1.0,9.0,11.11,7.2,4.0,0.3
https://www.pccomponentes.com/televisores/65-pulgadas/tcl-corporation,25,3909,0.64,9.5,200,tcl 65 pulgadas,4.0,1185.0,0.34,10.5,16.0,30.3
https://www.pccomponentes.com/televisores/43-pulgadas/hisense,25,1636,1.53,6.3,124,tv hisense 43 pulgadas,5.0,224.0,2.23,4.0,20.0,13.7
https://www.pccomponentes.com/televisores/sony,24,964,2.49,10.4,110,tv sony,2.0,145.0,1.38,9.9,8.3,15.0
https://www.pccomponentes.com/televisores/40-pulgadas/hisense,24,1456,1.65,4.8,106,tv hisense 40 pulgadas,5.0,156.0,3.21,5.5,20.8,10.7
https://www.pccomponentes.com/que-es-hdr-para-televisores-y-vale-la-pena,24,5388,0.45,4.1,182,que es hdr en tv,3.0,273.0,1.1,1.0,12.5,5.1
https://www.pccomponentes.com/televisores/43-pulgadas/sony,24,1217,1.97,7.7,64,televisor sony 43 pulgadas,2.0,57.0,3.51,7.6,8.3,4.7
https://www.pccomponentes.com/mejores-televisores-8k-cual-comprar,23,1417,1.62,13.4,101,televisores 8k,2.0,13.0,15.38,8.9,8.7,0.9
https://www.pccomponentes.com/televisores/75-pulgadas/philips,23,1259,1.83,4.8,97,philips ambilight 75,4.0,150.0,2.67,4.6,17.4,11.9
https://www.pccomponentes.com/televisores/65-pulgadas/sony,22,1820,1.21,7.1,102,sony tv 65 pulgadas,2.0,59.0,3.39,7.4,9.1,3.2
https://www.pccomponentes.com/televisores/55-pulgadas/panasonic,22,698,3.15,6.4,52,panasonic 55 pulgadas,4.0,60.0,6.67,4.0,18.2,8.6
https://www.pccomponentes.com/televisores/65-pulgadas/reacondicionado,22,190,11.58,1.6,3,tv 65 reacondicionado,3.0,20.0,15.0,1.8,13.6,10.5
https://www.pccomponentes.com/televisores/65-pulgadas/xiaomi,22,1693,1.3,8.8,83,xiaomi 65 pulgadas,5.0,319.0,1.57,9.0,22.7,18.8
https://www.pccomponentes.com/televisores/43-pulgadas/ambilight,21,831,2.53,6.1,44,philips ambilight 43,2.0,185.0,1.08,6.8,9.5,22.3
https://www.pccomponentes.com/televisores/50-pulgadas/reacondicionado,21,283,7.42,1.6,13,tv 50 pulgadas reacondicionado,7.0,31.0,22.58,0.2,33.3,11.0
https://www.pccomponentes.com/televisores/32-pulgadas/philips,20,1786,1.12,7.1,141,tv philips 32 pulgadas,4.0,57.0,7.02,2.6,20.0,3.2
https://www.pccomponentes.com/televisores/65-pulgadas/hisense,20,2977,0.67,7.7,145,hisense 65 pulgadas,4.0,516.0,0.78,6.7,20.0,17.3
https://www.pccomponentes.com/televisores/32-pulgadas/xiaomi,20,1632,1.23,8.8,92,tv 32 xiaomi,2.0,30.0,6.67,9.9,10.0,1.8
https://www.pccomponentes.com/televisores/oled/philips,20,1271,1.57,5.7,166,philips oled,3.0,164.0,1.83,5.2,15.0,12.9
https://www.pccomponentes.com/mejores-televisores-futbol,20,495,4.04,3.4,33,mejor tv para ver futbol,0.0,16.0,0.0,0.2,0.0,3.2
https://www.pccomponentes.com/televisores/silver,19,199,9.55,4.6,14,tv silver,7.0,21.0,33.33,1.2,36.8,10.6
https://www.pccomponentes.com/televisores/32-pulgadas/hisense,19,1380,1.38,6.0,103,hisense 32 pulgadas,6.0,172.0,3.49,6.4,31.6,12.5
https://www.pccomponentes.com/govee-h605c-envisual-tv-backlight-t2-tira-led-inteligente-rgb-para-televisores,19,1011,1.88,7.1,76,govee t2,4.0,74.0,5.41,5.2,21.1,7.3
https://www.pccomponentes.com/televisores/65-pulgadas/ambilight,19,411,4.62,4.3,46,ambilight 65 pulgadas,2.0,22.0,9.09,1.9,10.5,5.4
https://www.pccomponentes.com/televisores/td-systems,18,2320,0.78,7.5,73,td systems,5.0,776.0,0.64,7.0,27.8,33.4
https://www.pccomponentes.com/televisores/32-pulgadas/toshiba,18,1567,1.15,6.6,110,tv 32 toshiba,2.0,5.0,40.0,4.4,11.1,0.3
https://www.pccomponentes.com/mejores-televisores-qled-55-pulgadas,18,952,1.89,13.9,67,mejor tv qled 55 pulgadas,3.0,33.0,9.09,0.4,16.7,3.5
https://www.pccomponentes.com/televisores/55-pulgadas/philips,18,2224,0.81,7.7,118,philips tv 55,3.0,25.0,12.0,3.3,16.7,1.1
https://www.pccomponentes.com/televisores/75-pulgadas/reacondicionado,17,205,8.29,1.1,6,tv reacondicionado 75 pulgadas,4.0,18.0,22.22,0.5,23.5,8.8
https://www.pccomponentes.com/televisores/blanco/lg,17,879,1.93,5.9,79,tv lg blanca,4.0,31.0,12.9,0.9,23.5,3.5
https://www.pccomponentes.com/televisores/85-pulgadas/samsung,17,1752,0.97,7.4,134,tv samsung 85 pulgadas,3.0,232.0,1.29,8.8,17.6,13.2
https://www.pccomponentes.com/televisores/50-pulgadas/hisense,17,1911,0.89,6.9,169,tv hisense 50,2.0,77.0,2.6,6.7,11.8,4.0
https://www.pccomponentes.com/televisores/reacondicionado/smart-tv,17,461,3.69,6.4,49,smart tv reacondicionado,2.0,22.0,9.09,6.2,11.8,4.8
https://www.pccomponentes.com/televisores/55-pulgadas/sony,17,2035,0.84,9.0,101,tv sony 55 pulgadas,4.0,368.0,1.09,9.7,23.5,18.1
https://www.pccomponentes.com/televisores/32-pulgadas/reacondicionado,17,132,12.88,0.7,3,tv 32 pulgadas reacondicionado,4.0,18.0,22.22,0.5,23.5,13.6
https://www.pccomponentes.com/televisores/philips,16,2876,0.56,8.7,171,philips televisores,5.0,113.0,4.42,10.1,31.3,3.9
https://www.pccomponentes.com/televisores/55-pulgadas/hisense,16,3239,0.49,8.4,188,hisense tv 55,3.0,304.0,0.99,9.9,18.8,9.4
https://www.pccomponentes.com/televisores/40-pulgadas/blanco,16,486,3.29,2.2,22,smart tv blanca 40 pulgadas,5.0,38.0,13.16,1.5,31.3,7.8
https://www.pccomponentes.com/televisores/3840-x-2160-4k-uhd/55-pulgadas,16,1470,1.09,3.6,95,tv 55 4k,2.0,29.0,6.9,2.1,12.5,2.0
https://www.pccomponentes.com/televisores/thomson,15,2391,0.63,8.3,107,thomson tv oled,1.0,1.0,100.0,1.0,6.7,0.0
https://www.pccomponentes.com/televisores/55-pulgadas/reacondicionado,15,175,8.57,0.9,5,tv 55 pulgadas reacondicionado,6.0,41.0,14.63,0.1,40.0,23.4
https://www.pccomponentes.com/televisores/55-pulgadas/nilait,15,200,7.5,1.2,5,nilait 55 pulgadas,4.0,20.0,20.0,0.5,26.7,10.0
https://www.pccomponentes.com/televisores/32-pulgadas/smart-tv,15,1648,0.91,5.2,151,mejor smart tv 32 pulgadas,1.0,4.0,25.0,1.5,6.7,0.2
https://www.pccomponentes.com/televisores/65-pulgadas/toshiba,13,446,2.91,3.8,29,toshiba 65 pulgadas,2.0,77.0,2.6,3.8,15.4,17.3
https://www.pccomponentes.com/televisores/32-pulgadas/td-systems,13,1573,0.83,8.8,33,televisor td systems 32 pulgadas,2.0,7.0,28.57,9.3,15.4,0.4
https://www.pccomponentes.com/televisores/75-pulgadas/sony,13,990,1.31,6.9,69,sony bravia 75 pulgadas,4.0,110.0,3.64,8.3,30.8,11.1
https://www.pccomponentes.com/televisores/100-pulgadas/mini-led,13,283,4.59,6.9,51,mini led 100 pulgadas,2.0,6.0,33.33,3.5,15.4,2.1
https://www.pccomponentes.com/televisores/32-pulgadas/sony,13,897,1.45,8.7,58,tv sony 32 pulgadas,2.0,96.0,2.08,9.6,15.4,10.7
https://www.pccomponentes.com/cuanto-dura-garantia-televisores-xiaomi,13,1043,1.25,4.6,28,garantia xiaomi españa,0.0,86.0,0.0,3.9,0.0,8.2
https://www.pccomponentes.com/televisores/75-pulgadas/xiaomi,12,2267,0.53,8.2,53,televisor xiaomi 75 pulgadas,3.0,96.0,3.13,8.8,25.0,4.2
https://www.pccomponentes.com/televisores/mini-led/philips,12,292,4.11,2.7,70,phillips mini led,1.0,1.0,100.0,1.0,8.3,0.3
https://www.pccomponentes.com/pccomponentes-lanza-su-marca-propia-de-televisores-nilait-calidad-de-imagen-a-precios-asequibles,12,1562,0.77,3.4,176,nilait,1.0,1.0,100.0,1.0,8.3,0.1
https://www.pccomponentes.com/televisores/mini-led/samsung,12,834,1.44,6.6,115,samsung mini led,4.0,84.0,4.76,3.6,33.3,10.1
https://www.pccomponentes.com/televisores/3840-x-2160-4k-uhd/smart-tv,12,1342,0.89,5.1,67,smart tv 42 4k,1.0,2.0,50.0,2.5,8.3,0.1
https://www.pccomponentes.com/televisores/50-pulgadas/philips,11,2365,0.47,5.5,218,tv philips 50 pulgadas,2.0,141.0,1.42,6.0,18.2,6.0
https://www.pccomponentes.com/televisores/48-pulgadas,11,942,1.17,6.5,57,tv 48 pulgadas,3.0,81.0,3.7,3.9,27.3,8.6
https://www.pccomponentes.com/televisores/40-pulgadas/smart-tv,11,1451,0.76,7.0,160,smart tv 40 pulgadas android,2.0,31.0,6.45,2.2,18.2,2.1
https://www.pccomponentes.com/televisores/qled,11,2439,0.45,8.1,129,qled,4.0,902.0,0.44,7.5,36.4,37.0
https://www.pccomponentes.com/one-for-all-urc-1917-mando-a-distancia-universal-para-televisores-td-systems,11,472,2.33,6.9,18,mando universal tv td systems,1.0,1.0,100.0,2.0,9.1,0.2
https://www.pccomponentes.com/televisores/32-pulgadas/nilait,11,113,9.73,1.6,4,tv nilait 32 pulgadas,2.0,27.0,7.41,0.6,18.2,23.9
https://www.pccomponentes.com/mejores-televisores-nilait-calidad-precio,10,3052,0.33,7.9,37,nilait opiniones,2.0,332.0,0.6,7.8,20.0,10.9
https://www.pccomponentes.com/govee-h6199-dreamview-t1-tvbacklight-tira-led-inteligente-rgb-para-televisores,10,189,5.29,3.5,24,govee h6199,2.0,24.0,8.33,0.0,20.0,12.7
https://www.pccomponentes.com/televisores/43-pulgadas/toshiba,10,632,1.58,5.8,53,toshiba 43,2.0,46.0,4.35,4.4,20.0,7.3
https://www.pccomponentes.com/televisores/65-pulgadas/oled/samsung,10,939,1.06,7.5,57,samsung oled 65,3.0,382.0,0.79,9.5,30.0,40.7
https://www.pccomponentes.com/televisores/48-pulgadas/samsung,10,810,1.23,6.8,55,samsung 48 pulgadas,3.0,73.0,4.11,5.5,30.0,9.0
https://www.pccomponentes.com/televisores/55-pulgadas/lg/oled,10,486,2.06,6.3,73,lg oled 55 2020,1.0,2.0,50.0,3.0,10.0,0.4
https://www.pccomponentes.com/televisores/85-pulgadas/mini-led,10,265,3.77,2.8,18,tv 85 pulgadas mini led,3.0,26.0,11.54,2.9,30.0,9.8
https://www.pccomponentes.com/televisores/3840-x-2160-4k-uhd/65-pulgadas,10,1304,0.77,2.6,67,"smart tv 65"" 4k",1.0,2.0,50.0,0.0,10.0,0.2
https://www.pccomponentes.com/cuanto-dura-garantia-televisores-sony-bravia,10,564,1.77,4.5,21,garantia sony,0.0,18.0,0.0,2.8,0.0,3.2
https://www.pccomponentes.com/televisores/65-pulgadas/qled/samsung,9,514,1.75,6.4,79,samsung neo qled 65 pulgadas,1.0,17.0,5.88,10.9,11.1,3.3
https://www.pccomponentes.com/televisores/40-pulgadas/reacondicionado,9,143,6.29,2.1,13,smart tv 40 pulgadas,0.0,2.0,0.0,4.5,0.0,1.4
https://www.pccomponentes.com/televisores/cecotec/smart-tv,9,2345,0.38,7.9,23,tv cecotec,5.0,432.0,1.16,9.8,55.6,18.4
https://www.pccomponentes.com/televisores/3840-x-2160-4k-uhd/oled,9,549,1.64,5.2,81,4k oled,2.0,87.0,2.3,5.9,22.2,15.8
https://www.pccomponentes.com/mejores-televisores-phillips-calidad-precio,9,915,0.98,9.8,64,phillips,0.0,108.0,0.0,8.0,0.0,11.8
https://www.pccomponentes.com/televisores/50-pulgadas/tcl-corporation,9,2183,0.41,8.7,159,tv de 50 pulgadas tcl precio,1.0,1.0,100.0,3.0,11.1,0.0
https://www.pccomponentes.com/televisores/lg/nanocell,8,1604,0.5,7.4,200,lg nanocell,4.0,369.0,1.08,7.2,50.0,23.0
https://www.pccomponentes.com/televisores/43-pulgadas/philips,8,876,0.91,5.0,76,smart tv 43 pulgadas philips,1.0,6.0,16.67,1.8,12.5,0.7
